index,x,y,z,fractureID
1,10.5909799924,220.8257986353,393.4284792113,8.0
2,3.3320105757,220.0434490667,396.8032379804,9.0
3,-83.6358901331,210.6703141636,437.2353804364,17.0
