index,x,y,z,fractureID
1,53.8865543998,225.4920635023,373.2999856190,124A
2,-13.3484490202,218.2456800420,404.5581304535,106A
3,-45.5934589398,214.7704112881,419.5491193579,074B
