index,x,y,z
1,-83.6358901331,210.6703141636,537.2353804364
2,3.3320105757,220.0434490667,496.8032379804
3,10.5909799924,220.8257986353,493.4284792113
