index,x,y,z
1,-45.5934589398,214.7704112881,519.5491193579
2,-13.3484490202,218.2456800420,504.5581304535
3,53.8865543998,225.4920635023,473.2999856190
